precision@5,recall@5,ndcg@5,hit@5,n_users,precision@10,recall@10,ndcg@10,hit@10,model,K_neighbors,K_eval
0.014741,0.055516,0.039357,0.071155,1037090.0,,,,,ItemKNN_score_A,50,5
,,,,1037090.0,0.01161,0.086684,0.049918,0.110583,ItemKNN_score_A,50,10
0.014825,0.056073,0.03967,0.071584,1037090.0,,,,,ItemKNN_score_A,100,5
,,,,1037090.0,0.011623,0.087177,0.05019,0.110849,ItemKNN_score_A,100,10
0.014926,0.056592,0.040037,0.072109,1037090.0,,,,,ItemKNN_score_A,200,5
,,,,1037090.0,0.011738,0.088319,0.050769,0.112018,ItemKNN_score_A,200,10
