K,precision@5,recall@5,ndcg@5,hit@5,n_users,precision@10,recall@10,ndcg@10,hit@10
5,0.005518,0.020435,0.012946,0.027324,1037090,,,,
10,,,,,1037090,0.004383,0.032157,0.01698,0.043016
